,val_loss,val_acc,val_top_k_categorical_accuracy,loss,acc,top_k_categorical_accuracy
0,1.0776283925977246,0.7202316810344828,0.9155441810344828,1.1605443239212037,0.701623774509804,0.9019607843137255
1,1.0620169269627537,0.71875,0.9124461206896551,1.0721776340522018,0.7180147058823529,0.9180912990196078
2,1.0042184632399986,0.7202316810344828,0.9280711206896551,1.0520212124375736,0.7283088235294117,0.9167892156862745
3,1.0039354028372929,0.7359913793103449,0.9251077586206896,1.009146841133342,0.7277420343137255,0.9206495098039216
4,1.0012148413164863,0.7462284482758621,0.9154094827586207,0.9634101323052948,0.7373161764705882,0.9292126225490196
5,0.9580410575044567,0.7397629310344828,0.9213362068965517,0.9270652135213217,0.747610294117647,0.9322303921568628
6,0.7603080277193706,0.7756089690539659,0.9559606394857759,0.9253009800817452,0.7526041666666666,0.9310814950980392
7,0.9506314458518192,0.7351831896551724,0.9290140086206896,0.9114294447150885,0.7472579656862746,0.9384803921568627
