,val_loss,val_acc,val_top_k_categorical_accuracy,loss,acc,top_k_categorical_accuracy
0,0.9906129588683447,0.7516276041666666,0.91796875,1.062982473788517,0.7266322544642857,0.9084123883928571
1,0.9367870166897774,0.7526041666666666,0.9236653645833334,1.0157747284642287,0.7455705915178571,0.9181256975446429
2,0.9760058894753456,0.75732421875,0.916015625,1.0049416750137294,0.7480643136160714,0.9186837332589286
