,val_loss,val_acc,val_top_k_categorical_accuracy,loss,acc,top_k_categorical_accuracy
0,0.7493009352684021,0.813125,0.9459375,0.760684022597507,0.8048949115044248,0.9436877765486725
1,0.6608406281471253,0.8209375,0.9525,0.7628774716790798,0.8119123340707964,0.9405593196902655
2,0.6602858352661133,0.8265625,0.95953125,0.6881437880539261,0.8284361172566371,0.9485100940265486
3,0.5523543763160705,0.85875,0.95953125,0.6716392319814294,0.8305620851769911,0.9524509126106194
4,0.6844652128219605,0.820625,0.94765625,0.6912724051327832,0.8335176991150443,0.9472310564159292
