,val_loss,val_acc,val_top_k_categorical_accuracy,loss,acc,top_k_categorical_accuracy
0,0.8315666580200195,0.79015625,0.93828125,0.9518137953977669,0.7564297566371682,0.9216503042035398
1,0.9027337574958801,0.7740625,0.9225,0.9249051524474557,0.7676991150442478,0.9254701327433629
