,val_loss,val_acc,val_top_k_categorical_accuracy,loss,acc,top_k_categorical_accuracy
0,1.0473508358001709,0.73859375,0.9084375,1.0268262914851702,0.7487555309734514,0.9099315542035398
1,0.8759850478172302,0.7965625,0.92984375,0.9741565735466713,0.7605779867256637,0.9175712112831859
2,0.9824334573745728,0.75625,0.9209375,0.9029192172848017,0.7745955475663717,0.926386200221239
