,val_loss,val_acc,val_top_k_categorical_accuracy,loss,acc,top_k_categorical_accuracy
0,0.525864474773407,0.880625,0.9590625,0.41632915803514386,0.8977319658590308,0.9716925936123348
1,0.43826197028160097,0.89859375,0.9634375,0.41734158769578134,0.8999862334801763,0.9675110132158591
2,0.439491890668869,0.90171875,0.96359375,0.40745874766736306,0.9045119768722467,0.9664785242290749
