,val_loss,val_acc,val_top_k_categorical_accuracy,loss,acc,top_k_categorical_accuracy
0,1.486695537964503,0.6116536458333334,0.88330078125,1.5210506835499324,0.602565456081081,0.8733460022522522
1,1.4222531567017238,0.611328125,0.88525390625,1.4521004283750378,0.6198796452702703,0.8778153153153153
2,1.3185570935408275,0.6429036458333334,0.8966471354166666,1.3936020382889756,0.6410472972972973,0.8802435247747747
3,1.3186829040447872,0.6526692708333334,0.8984375,1.3609768920116596,0.6395868524774775,0.8912408502252253
