,val_loss,val_acc,val_top_k_categorical_accuracy,loss,acc,top_k_categorical_accuracy
0,1.2014576053619386,0.68765625,0.9078125,1.2342679505878025,0.6853298611111112,0.895
1,1.1297201299667359,0.71,0.91015625,1.1837571189138625,0.6944270833333334,0.9011458333333333
2,1.2111032915115356,0.69375,0.9,1.1203728440072802,0.7144270833333334,0.9046006944444445
