,val_loss,val_acc,val_top_k_categorical_accuracy,loss,acc,top_k_categorical_accuracy
0,1.0865535338719685,0.7054036458333334,0.9187825520833334,1.09927583272968,0.7096993582589286,0.9143415178571429
1,0.984601229429245,0.7403971354166666,0.92529296875,1.0307696190263544,0.7308698381696429,0.9234619140625
2,1.0018159250418346,0.751953125,0.9171549479166666,1.0265886927289622,0.7395542689732143,0.9208461216517857
