,val_loss,val_acc,val_top_k_categorical_accuracy,loss,acc,top_k_categorical_accuracy
0,1.3471309900283814,0.64328125,0.8765625,1.301758761405945,0.6498784722222222,0.8930208333333334
1,1.3058165311813354,0.64359375,0.88375,1.2537726714875963,0.6611111111111111,0.90015625
2,1.171975998878479,0.66953125,0.914375,1.2258617517683241,0.6744965277777778,0.8985243055555555
3,1.0879533290863037,0.70796875,0.91484375,1.1873157003190782,0.6827256944444444,0.9034027777777778
4,1.090467972755432,0.6890625,0.90625,1.1233999220530193,0.6950694444444444,0.9146006944444445
