,val_loss,val_acc,val_top_k_categorical_accuracy,loss,acc,top_k_categorical_accuracy
0,1.0613202905654908,0.73078125,0.92,1.1345031110445658,0.7109375,0.8991319444444444
1,1.0683512783050537,0.7140625,0.91546875,1.060333735148112,0.72671875,0.9084548611111111
