,val_loss,val_acc,val_top_k_categorical_accuracy,loss,acc,top_k_categorical_accuracy
0,1.0479202914237975,0.73515625,0.90109375,1.025167370637258,0.7393055555555555,0.9138715277777778
1,1.095994107723236,0.72359375,0.8996875,1.0102513358328078,0.7457118055555556,0.9136805555555556
