,val_loss,val_acc,val_top_k_categorical_accuracy,loss,acc,top_k_categorical_accuracy
0,1.04477468252182,0.73140625,0.92625,1.0490610831606704,0.7273057245575221,0.9170526825221239
1,0.981461443901062,0.73625,0.92453125,1.013820619709724,0.728429203539823,0.9184008573008849
2,0.9594500803947449,0.74765625,0.934375,0.9544431110926433,0.742014657079646,0.9304134402654868
3,1.0016542625427247,0.71375,0.92375,0.9544348748384324,0.7411331581858407,0.9264553373893806
