,val_loss,val_acc,val_top_k_categorical_accuracy,loss,acc,top_k_categorical_accuracy
0,1.0702035975456239,0.724375,0.91375,1.0309344740166013,0.725392345814978,0.9163511839207048
1,1.0505825901031494,0.7284375,0.91390625,1.0166303525937286,0.7323960627753304,0.9189324063876652
2,0.9838860392570495,0.7415625,0.91703125,0.95011385185603,0.7517724394273128,0.9212727147577092
3,0.8510318660736084,0.7753125,0.93,0.9415498788136217,0.7534588381057269,0.9253682544052864
4,0.89538498878479,0.766875,0.92296875,0.8886134511573724,0.7582599118942731,0.9316320209251101
