,val_loss,val_acc,val_top_k_categorical_accuracy,loss,acc,top_k_categorical_accuracy
0,1.0197257423400878,0.7371875,0.91265625,1.0710620482762654,0.7183902138157895,0.9121779057017544
1,1.003912456035614,0.751875,0.92703125,1.017357471742128,0.7351631030701754,0.9203844572368421
2,0.9107650303840638,0.77296875,0.92578125,0.976537022412869,0.7478412828947368,0.9228858278508771
3,0.9165062499046326,0.7603125,0.939375,0.9280074607384833,0.7575383771929824,0.9276315789473685
