,val_loss,val_acc,val_top_k_categorical_accuracy,loss,acc,top_k_categorical_accuracy
0,1.1309623908996582,0.70125,0.9178125,1.173073952943743,0.6960008259911894,0.9016898403083701
1,1.1435266160964965,0.711875,0.89953125,1.0930518909698015,0.7126238986784141,0.9146647852422908
