,val_loss,val_acc,val_top_k_categorical_accuracy,loss,acc,top_k_categorical_accuracy
0,1.1009453964233398,0.72421875,0.8996875,1.069663020769755,0.7297048611111111,0.9116493055555556
1,1.0501249933242798,0.72109375,0.9165625,1.037183736430274,0.7398611111111111,0.9092361111111111
2,0.9711203336715698,0.74703125,0.92015625,0.9187150854534573,0.7613194444444444,0.9264583333333334
3,0.823558259010315,0.786875,0.93921875,0.9499525035752191,0.7592534722222222,0.9191666666666667
4,0.9426726293563843,0.74828125,0.9209375,0.9155720329284668,0.76640625,0.9238715277777778
