,val_loss,val_acc,val_top_k_categorical_accuracy,loss,acc,top_k_categorical_accuracy
0,1.0489094356695812,0.7237955729166666,0.9073893229166666,1.0576347601787925,0.7247757847533632,0.9142376681614349
1,1.061181942621867,0.7340494791666666,0.9016927083333334,1.014557305740134,0.7358113789237668,0.9172855941704036
