,val_loss,val_acc,val_top_k_categorical_accuracy,loss,acc,top_k_categorical_accuracy
0,1.0685842980941136,0.7283528645833334,0.9065755208333334,1.13609004153737,0.7035609654017857,0.9076799665178571
1,1.0970091074705124,0.7044270833333334,0.9114583333333334,1.0785319288926465,0.7121407645089286,0.9134347098214286
