,val_loss,val_acc,val_top_k_categorical_accuracy,loss,acc,top_k_categorical_accuracy
0,1.1022922595342,0.7223307291666666,0.9059244791666666,1.0744694605950387,0.7256624423963134,0.913864487327189
1,0.984574149052302,0.7589518229166666,0.9186197916666666,1.0158188326567548,0.7481278801843319,0.9151245679723502
2,1.0409632697701454,0.7508138020833334,0.9108072916666666,0.9871877264317279,0.7444016417050692,0.9207229262672811
