,val_loss,val_acc,val_top_k_categorical_accuracy,loss,acc,top_k_categorical_accuracy
0,0.9828708839416503,0.75078125,0.92265625,1.0254813298779963,0.7429274504405287,0.9161618942731278
1,0.976688780784607,0.74359375,0.92640625,0.9356299885569165,0.7519617290748899,0.9256091685022027
2,0.8546163487434387,0.7653125,0.943125,0.9292548283081222,0.7604453469162996,0.9275708975770925
3,0.7878412079811096,0.78578125,0.94828125,0.8666042559472474,0.7694452092511013,0.9348499449339207
4,0.794624252319336,0.77875,0.9515625,0.8613762876535828,0.7732998348017621,0.9344369493392071
