,val_loss,val_acc,val_top_k_categorical_accuracy,loss,acc,top_k_categorical_accuracy
0,1.1019808451334636,0.6954752604166666,0.9192708333333334,1.0983258296021432,0.699884389013453,0.917408211883408
1,1.104996422926585,0.7058919270833334,0.9085286458333334,1.0193550175080919,0.7234620235426009,0.9240295683856502
