,val_loss,val_acc,val_top_k_categorical_accuracy,loss,acc,top_k_categorical_accuracy
0,0.9770545735955238,0.7527669270833334,0.9166666666666666,1.029408750269148,0.7342534722222223,0.9172395833333333
1,0.9094703271985054,0.76904296875,0.92919921875,0.9403517029020522,0.7582986111111111,0.9253993055555556
2,0.7716994434595108,0.8011067708333334,0.9415690104166666,0.9232871381441752,0.7612152777777778,0.9265277777777777
3,0.8888213063279787,0.7775065104166666,0.92724609375,0.89051362991333,0.7687326388888889,0.9321006944444444
