,val_loss,val_acc,val_top_k_categorical_accuracy,loss,acc,top_k_categorical_accuracy
0,1.0807303935289383,0.7337239583333334,0.9109700520833334,0.9858962267905742,0.7397416948198198,0.9220861486486487
1,0.9349033161997795,0.7576497395833334,0.9308268229166666,0.9412749159980465,0.7500175957207207,0.9312183277027027
2,0.9187823012471199,0.76953125,0.9332682291666666,0.8998679623410508,0.7595720720720721,0.9310775619369369
3,0.8396913607915243,0.7703450520833334,0.9407552083333334,0.8565586048203546,0.7695136542792793,0.938379786036036
4,0.8834042201439539,0.76318359375,0.93701171875,0.819077257637505,0.7749507319819819,0.9431306306306306
