,val_loss,val_acc,val_top_k_categorical_accuracy,loss,acc,top_k_categorical_accuracy
0,1.0869175096352894,0.7312825520833334,0.9080403645833334,1.0790870136209667,0.7233394058295964,0.9116626961883408
1,1.0430774788061778,0.7224934895833334,0.904296875,1.030191068959343,0.7350231221973094,0.9153061939461884
2,0.9201222211122513,0.7545572916666666,0.9376627604166666,1.0025542993182024,0.7464265695067265,0.9243623878923767
3,1.002800429860751,0.7353515625,0.92578125,0.9857456015899042,0.7512962443946188,0.9189847253363229
