,val_loss,val_acc,val_top_k_categorical_accuracy,loss,acc,top_k_categorical_accuracy
0,1.024709951877594,0.7425,0.91953125,1.1423977104822796,0.7064930555555555,0.9069965277777777
1,1.022178258895874,0.71453125,0.9240625,1.1077608972125583,0.7131770833333333,0.9079340277777778
2,0.9903274726867676,0.7440625,0.92671875,1.0453114766544767,0.7305034722222222,0.9135243055555555
3,1.0570288801193237,0.7290625,0.9128125,1.0209112371338738,0.7310416666666667,0.9143923611111111
