,val_loss,val_acc,val_top_k_categorical_accuracy,loss,acc,top_k_categorical_accuracy
0,1.1295422315597534,0.7145182291666666,0.9088541666666666,1.1690117564436566,0.7044387612107623,0.8998213284753364
1,0.9816850821177164,0.7366536458333334,0.9173177083333334,1.1099336002974232,0.7132146860986547,0.9072834921524664
2,0.9165039012829462,0.7605794270833334,0.93603515625,1.0582177147202427,0.726107062780269,0.9173731782511211
3,0.9455624719460806,0.74853515625,0.92822265625,1.0271519884934874,0.7367572869955157,0.9182490190582959
