,val_loss,val_acc,val_top_k_categorical_accuracy,loss,acc,top_k_categorical_accuracy
0,1.11289015909036,0.72119140625,0.91552734375,1.1119591591081448,0.70263671875,0.9068429129464286
1,0.9860137030482292,0.7405598958333334,0.9212239583333334,1.0749267701591765,0.719970703125,0.9136439732142857
2,1.042600192129612,0.7366536458333334,0.9088541666666666,1.0484745409339666,0.7273821149553571,0.9168875558035714
