,val_loss,val_acc,val_top_k_categorical_accuracy,loss,acc,top_k_categorical_accuracy
0,0.991862370967865,0.745,0.92109375,0.9783029741711087,0.7410590277777778,0.9213020833333333
1,0.9906168818473816,0.73328125,0.9159375,0.9880612381299336,0.7374305555555556,0.9216666666666666
2,0.8377765250205994,0.7678125,0.93953125,0.9215215751859877,0.7584201388888889,0.9267361111111111
3,0.844048547744751,0.76890625,0.9403125,0.9004748702049256,0.7630208333333334,0.9301388888888888
