,val_loss,val_acc,val_top_k_categorical_accuracy,loss,acc,top_k_categorical_accuracy
0,1.124333505630493,0.72203125,0.90546875,1.0991560160326013,0.712761563876652,0.9081773127753304
1,1.0511886763572693,0.7334375,0.91921875,1.0983273618021725,0.7149297907488987,0.9086075165198237
2,0.9218673324584961,0.7515625,0.93859375,1.0157817413103214,0.7303999174008811,0.9193281938325991
3,0.9313047885894775,0.7490625,0.93171875,0.9996991089262101,0.7381435848017621,0.9225977422907489
