,val_loss,val_acc,val_top_k_categorical_accuracy,loss,acc,top_k_categorical_accuracy
0,1.8426230053106945,0.4830729166666667,0.8203125,1.972406430677934,0.4465909090909091,0.8215021306818182
1,1.7061825493971507,0.4889322916666667,0.86669921875,1.8568502420728856,0.46985085227272727,0.8387784090909091
2,1.7118361343940098,0.5232747395833334,0.8528645833333334,1.8033140946518291,0.4933416193181818,0.8426669034090909
