,val_loss,val_acc,val_top_k_categorical_accuracy,loss,acc,top_k_categorical_accuracy
0,0.3845266747859217,0.8908770161290323,0.9857610887096774,0.42153437544394584,0.889669822080292,0.9718151231751825
1,0.3754448534980897,0.8946572580645161,0.9824848790322581,0.4209604396002136,0.8876026459854015,0.9746806569343066
2,0.36141768386287076,0.8991935483870968,0.9774445564516129,0.41431444861593036,0.8912095118613139,0.9728273266423357
3,0.3236448510039237,0.9083921370967742,0.9817288306451613,0.3808405679942918,0.8989792427007299,0.9761205520072993
4,0.3623634615252095,0.8988155241935484,0.9780745967741935,0.3923538866704398,0.8920078695255474,0.9761918339416058
