,val_loss,val_acc,val_top_k_categorical_accuracy,loss,acc,top_k_categorical_accuracy
0,1.035522804260254,0.73234375,0.911875,1.0560816263837436,0.7328434746696035,0.9164372246696035
1,0.9915764045715332,0.75140625,0.9209375,1.0407000304843885,0.7354935297356828,0.913150468061674
2,0.96837819814682,0.7584375,0.91625,0.9807864826681331,0.7453365914096917,0.9205843887665198
3,0.9030443453788757,0.775,0.93078125,0.9448797106742859,0.758139454845815,0.9246283039647577
4,0.8748102164268494,0.77109375,0.93359375,0.9583034554767188,0.7553001101321586,0.9197583975770925
5,0.9342870926856994,0.749375,0.91984375,0.9038870276858628,0.7648334251101322,0.9256952092511013
