,val_loss,val_acc,val_top_k_categorical_accuracy,loss,acc,top_k_categorical_accuracy
0,1.0552869653701782,0.72671875,0.9109375,1.1992911828302704,0.6989940542035398,0.8923879977876106
1,0.9973995637893677,0.74640625,0.9190625,1.1609342280214867,0.7136511338495575,0.8940472898230089
2,1.0291115164756774,0.74125,0.9028125,1.1147507471320903,0.7175919524336283,0.902430171460177
