,val_loss,val_acc,val_top_k_categorical_accuracy,loss,acc,top_k_categorical_accuracy
0,1.2073191165924073,0.69640625,0.905,1.1367559023365574,0.7046737334801763,0.9073169052863436
1,1.0519185376167297,0.73625,0.9153125,1.1032592979821865,0.7129852698237885,0.9068178689427313
2,0.9328877830505371,0.74125,0.931875,1.0412193381838861,0.7329639317180616,0.9197067731277533
3,0.9339423489570617,0.73859375,0.9265625,1.0097385765697462,0.7360441905286343,0.921875
