,val_loss,val_acc,val_top_k_categorical_accuracy,loss,acc,top_k_categorical_accuracy
0,1.0447895860671996,0.7175,0.92015625,1.1224123556002052,0.7132190265486725,0.9027585730088495
1,0.9763076734542847,0.7371875,0.923125,1.0384514284344901,0.728602046460177,0.9117809734513275
2,0.9219049930572509,0.74921875,0.9265625,0.9905144812258999,0.7476320519911505,0.9159983407079646
3,0.9210295677185059,0.7515625,0.93265625,0.9694584407637604,0.7503111172566371,0.9196107577433629
4,0.9230197858810425,0.75859375,0.93203125,0.9779444067879061,0.7471653761061947,0.9167588495575221
