,val_loss,val_acc,val_top_k_categorical_accuracy,loss,acc,top_k_categorical_accuracy
0,1.5354022979736328,0.64453125,0.859375,1.4685862421989442,0.644921875,0.8734375
1,1.443568229675293,0.6796875,0.87109375,1.467477023601532,0.63515625,0.863671875
2,1.362199306488037,0.69921875,0.88671875,1.380527174472809,0.651171875,0.86875
3,1.2823593070873847,0.7076923076923077,0.8961538461538462,1.2465092539787292,0.69765625,0.8671875
4,0.37354302406311035,1.0,1.0,1.1707645297050475,0.69609375,0.89921875
5,0.32760319113731384,1.0,1.0,0.9417126536369324,0.76796875,0.924609375
6,1.124670761365157,0.7538461538461538,0.9153846153846154,1.043289049210087,0.7322580599015759,0.9201612880153041
