,val_loss,val_acc,val_top_k_categorical_accuracy,loss,acc,top_k_categorical_accuracy
0,0.8327997636795044,0.788125,0.928125,0.8409781241416932,0.7905208333333333,0.9261284722222223
1,0.7281000256538391,0.819375,0.941875,0.802856498029497,0.8079861111111111,0.9319791666666667
2,0.6201466870307922,0.83171875,0.944375,0.7690127942297194,0.8092013888888889,0.9335763888888889
3,0.7158861494064331,0.81734375,0.93546875,0.7068503665924072,0.8241319444444445,0.9420659722222222
