,val_loss,val_acc,val_top_k_categorical_accuracy,loss,acc,top_k_categorical_accuracy
0,1.5902559061845143,0.5838216145833334,0.8601888020833334,1.6349500186808474,0.5788464245495496,0.8556095157657657
1,1.5973155895868938,0.5662434895833334,0.8655598958333334,1.578414226437474,0.5873803490990991,0.865357545045045
