,val_loss,val_acc,val_top_k_categorical_accuracy,loss,acc,top_k_categorical_accuracy
0,1.38131844997406,0.6295572916666666,0.88134765625,1.3660929605695937,0.6364236111111111,0.8881770833333333
1,1.3682001481453578,0.6502278645833334,0.8805338541666666,1.3213754659228856,0.6487152777777778,0.891875
2,1.1854337553183238,0.67333984375,0.90478515625,1.232788905037774,0.66578125,0.9055034722222223
3,1.2513958116372426,0.6531575520833334,0.9200846354166666,1.2008961047066582,0.6804513888888889,0.9052083333333333
