,val_loss,val_acc,val_top_k_categorical_accuracy,loss,acc,top_k_categorical_accuracy
0,0.6028013502558073,0.8531901041666666,0.9500325520833334,0.6665496925067474,0.8376191143497758,0.9449271300448431
1,0.6969527254501978,0.8447265625,0.9357096354166666,0.6216858334070898,0.8467103419282511,0.949639153587444
