,val_loss,val_acc,val_top_k_categorical_accuracy,loss,acc,top_k_categorical_accuracy
0,1.4622029495239257,0.6028125,0.88375,1.5015858173370362,0.6004861111111112,0.8703645833333333
1,1.341427173614502,0.6171875,0.8878125,1.4311543316311306,0.6187152777777778,0.8820833333333333
2,1.3191979598999024,0.63515625,0.89609375,1.3458338414298163,0.6333854166666667,0.8861111111111111
3,1.3028450107574463,0.64078125,0.89265625,1.3472143279181585,0.6376388888888889,0.8884375
4,1.3253920984268188,0.655,0.89453125,1.288136207262675,0.65390625,0.9001041666666667
