,val_loss,val_acc,val_top_k_categorical_accuracy,loss,acc,top_k_categorical_accuracy
0,0.6913130879402161,0.8125,0.9609375,0.78893088499705,0.7751302083333333,0.9474609375
1,0.5812374949455261,0.8203125,0.96875,0.785499260822932,0.7841796875,0.9486328125
2,0.6759604811668396,0.8125,0.97265625,0.6865982880194982,0.7967447916666667,0.9608072916666667
