,val_loss,val_acc,val_top_k_categorical_accuracy,loss,acc,top_k_categorical_accuracy
0,0.7111796684887098,0.8131793478260869,0.9481997282608695,0.683302496700752,0.8100800304878049,0.9600609756097561
1,0.5723018983136052,0.8371263586956522,0.9694293478260869,0.639284774152244,0.8187881097560976,0.9647675304878048
2,0.5763989920201509,0.8378057065217391,0.9714673913043478,0.620559001695819,0.821436737804878,0.9667492378048781
