,val_loss,val_acc,val_top_k_categorical_accuracy,loss,acc,top_k_categorical_accuracy
0,1.1591077248255413,0.6948784722222222,0.9058159722222222,1.3388482118264222,0.6651642628205128,0.8802083333333334
1,1.0215628776285384,0.7365451388888888,0.9379340277777778,1.265390496987563,0.6829677483974359,0.8895232371794872
2,1.1248168415493436,0.7068142361111112,0.9118923611111112,1.1745154956976573,0.6939102564102564,0.9019681490384616
