,val_loss,val_acc,val_top_k_categorical_accuracy,loss,acc,top_k_categorical_accuracy
0,1.2886617647276983,0.669921875,0.8917100694444444,1.449603871657298,0.631660657051282,0.8654597355769231
1,1.2459130485852559,0.6872829861111112,0.8956163194444444,1.4050727639442835,0.6506660657051282,0.8712189503205128
2,1.1676943831973605,0.6851128472222222,0.9058159722222222,1.3866663995461586,0.6499649439102564,0.8752754407051282
3,1.2582718200153775,0.6868489583333334,0.880859375,1.3432196485690582,0.6623347355769231,0.8789813701923077
