,val_loss,val_acc,val_top_k_categorical_accuracy,loss,acc,top_k_categorical_accuracy
0,0.48365138519194817,0.8785282258064516,0.9693800403225806,0.5547385055870906,0.8595603330291971,0.9590841697080292
1,0.5104889562053065,0.8581149193548387,0.9618195564516129,0.5248524805490118,0.8630674041970803,0.9622918567518248
