,val_loss,val_acc,val_top_k_categorical_accuracy,loss,acc,top_k_categorical_accuracy
0,1.1282321829348803,0.69970703125,0.91619873046875,1.129419446722221,0.690284314798599,0.9162037543782837
1,1.1241353312507272,0.69854736328125,0.91900634765625,1.0760732372462645,0.7037270140105079,0.9213961252189142
2,1.074506787583232,0.703125,0.92083740234375,1.0718194470722913,0.7022151379159369,0.9211361646234676
3,1.0159041909500957,0.71142578125,0.93133544921875,1.0524105755334978,0.706969680385289,0.9249261164623468
4,1.050282978452742,0.697998046875,0.9234619140625,1.0399328522423312,0.7068670643607706,0.9258086142732049
