,val_loss,val_acc,val_top_k_categorical_accuracy,loss,acc,top_k_categorical_accuracy
0,1.0550442142412066,0.70330810546875,0.922119140625,1.0188789438658545,0.7150900284588442,0.9293864929947461
1,0.9709148574620485,0.7279052734375,0.93524169921875,0.9616176975587621,0.7299351466725044,0.9356802758318739
2,0.9243441401049495,0.72412109375,0.94110107421875,0.9508092396104816,0.7340329465849387,0.9356939579684763
3,0.9741160357370973,0.72320556640625,0.94140625,0.937897932195413,0.735585869089317,0.9376436624343257
