,val_loss,val_acc,val_top_k_categorical_accuracy,loss,acc,top_k_categorical_accuracy
0,1.3217986986554902,0.6794181034482759,0.8880657327586207,1.36242858802571,0.6649050245098039,0.8791819852941176
1,1.1498748845067517,0.7140355603448276,0.908270474137931,1.2364740296906116,0.6837009803921569,0.8928308823529412
2,1.2203892428299477,0.6919450431034483,0.892510775862069,1.1757575598417545,0.6970435049019608,0.9016697303921568
