,val_loss,val_acc,val_top_k_categorical_accuracy,loss,acc,top_k_categorical_accuracy
0,1.0746263265609741,0.7132161458333334,0.91748046875,1.030202875445996,0.7268938337053571,0.9184047154017857
1,1.0487460941076279,0.7294921875,0.9103190104166666,1.0131239284362112,0.7322823660714286,0.9192940848214286
2,0.9413083146015803,0.7438151041666666,0.92333984375,0.9533782715776137,0.7477504185267857,0.92529296875
3,0.8217316294709841,0.7692057291666666,0.93310546875,0.9377902653068304,0.7516741071428571,0.9276646205357143
4,0.9014361103375753,0.7667643229166666,0.9278971354166666,0.9354030617645809,0.7506103515625,0.9297049386160714
