,val_loss,val_acc,val_top_k_categorical_accuracy,loss,acc,top_k_categorical_accuracy
0,1.0486325124899547,0.7443033854166666,0.9187825520833334,1.0915922915393657,0.7146306818181818,0.9087890625
1,1.115168735384941,0.7350260416666666,0.90283203125,1.033126689358191,0.7349786931818182,0.9162286931818182
