,val_loss,val_acc,val_top_k_categorical_accuracy,loss,acc,top_k_categorical_accuracy
0,1.0058734565973282,0.7566731770833334,0.9256184895833334,1.0698463089231933,0.7305908203125,0.9111851283482143
1,1.008190467953682,0.7430013020833334,0.9222005208333334,1.0410932754831654,0.7372872488839286,0.9183872767857143
