,val_loss,val_acc,val_top_k_categorical_accuracy,loss,acc,top_k_categorical_accuracy
0,0.9037735247612,0.77078125,0.9265625,1.0776672700518055,0.728601288377193,0.9066269188596491
1,0.9953196024894715,0.77234375,0.9209375,0.9937912508061058,0.7486293859649122,0.9112870065789473
