,val_loss,val_acc,val_top_k_categorical_accuracy,loss,acc,top_k_categorical_accuracy
0,0.974845752120018,0.7405598958333334,0.9322916666666666,1.0117484131561858,0.7348807198660714,0.915283203125
1,0.9946890225013097,0.7288411458333334,0.92431640625,0.972923481836915,0.7477155412946429,0.9218052455357143
