,val_loss,val_acc,val_top_k_categorical_accuracy,loss,acc,top_k_categorical_accuracy
0,1.268106296658516,0.6661783854166666,0.88623046875,1.3056882791690998,0.6688309403153153,0.882689329954955
1,1.2011126726865768,0.6915690104166666,0.8806966145833334,1.2598636456438013,0.688502956081081,0.8819855011261262
2,1.2533358583847682,0.6953125,0.88525390625,1.2220774249987558,0.6936409065315315,0.8871762387387387
