,val_loss,val_acc,val_top_k_categorical_accuracy,loss,acc,top_k_categorical_accuracy
0,1.0196651124954224,0.72140625,0.9234375,1.1552289002820064,0.7020113760964912,0.90625
1,0.9806485342979431,0.73109375,0.92984375,1.1272926448207152,0.7015487938596491,0.9096422697368421
2,0.9724700713157653,0.7359375,0.92953125,1.053362663900643,0.7231530975877193,0.9174547697368421
3,0.9751269268989563,0.75421875,0.9265625,1.025287179570449,0.7304858826754386,0.918054413377193
