,val_loss,val_acc,val_top_k_categorical_accuracy,loss,acc,top_k_categorical_accuracy
0,1.0014955699443817,0.7454427083333334,0.9275716145833334,1.096403711252083,0.7100537330316742,0.9187818156108597
1,0.9722420622905096,0.734375,0.92578125,1.038087001483365,0.7189267533936652,0.920814479638009
2,0.9118902757763863,0.7451171875,0.9431966145833334,0.9863862883451298,0.7286481900452488,0.9314727092760181
3,0.9409896160165468,0.7405598958333334,0.93798828125,0.9571489538002877,0.7402608880090498,0.9281850961538461
