,val_loss,val_acc,val_top_k_categorical_accuracy,loss,acc,top_k_categorical_accuracy
0,1.1576159695784252,0.6982421875,0.8977864583333334,1.1513477471139697,0.7050520833333334,0.9019965277777777
1,1.1763433615366619,0.6946614583333334,0.8990885416666666,1.0819661005338033,0.7227256944444445,0.9109722222222222
