,val_loss,val_acc,val_top_k_categorical_accuracy,loss,acc,top_k_categorical_accuracy
0,1.1144036960601806,0.72,0.90578125,1.127613519672799,0.7115943030973452,0.9077018805309734
1,1.1378772926330567,0.6975,0.90515625,1.100158127535761,0.7201500276548672,0.9060944413716814
