,val_loss,val_acc,val_top_k_categorical_accuracy,loss,acc,top_k_categorical_accuracy
0,1.096261590719223,0.7159830729166666,0.9093424479166666,1.1829268799296446,0.6913016183035714,0.9025006975446429
1,0.9965422054131826,0.7198893229166666,0.9261067708333334,1.1145008922155415,0.702392578125,0.9110456194196429
2,1.0084667429327965,0.7265625,0.9142252604166666,1.0327324526650565,0.7272077287946429,0.9178466796875
