,val_loss,val_acc,val_top_k_categorical_accuracy,loss,acc,top_k_categorical_accuracy
0,1.0351513748367627,0.7255859375,0.9143880208333334,1.1585127898395864,0.7078195067264574,0.8964405829596412
1,1.0715400353074074,0.7379557291666666,0.9073893229166666,1.1548302499702694,0.7050868834080718,0.8957924607623319
