,val_loss,val_acc,val_top_k_categorical_accuracy,loss,acc,top_k_categorical_accuracy
0,1.0162844586372375,0.73265625,0.91203125,1.062259815502585,0.7189898574561403,0.9170264528508771
1,1.0551454734802246,0.7321875,0.91125,1.0367501168920283,0.7286526864035088,0.9169407894736842
