,val_loss,val_acc,val_top_k_categorical_accuracy,loss,acc,top_k_categorical_accuracy
0,1.167035959661007,0.6905924479166666,0.9002278645833334,1.1947812579672432,0.6926149103139013,0.8990330717488789
1,1.1601737191279728,0.71630859375,0.8902994791666666,1.1600897210595853,0.7053846692825112,0.9020634809417041
2,1.0639889612793922,0.7408854166666666,0.89892578125,1.0903117357348113,0.7193630885650224,0.9114174607623319
3,1.0064342021942139,0.73974609375,0.91845703125,1.0753722511599417,0.7212373878923767,0.909735846412556
4,0.9552956571181616,0.76171875,0.9251302083333334,1.072799984382407,0.727123038116592,0.9130465246636771
5,0.9605093772212664,0.7586263020833334,0.9246419270833334,1.0192835734564092,0.7439391816143498,0.9146405549327354
