,val_loss,val_acc,val_top_k_categorical_accuracy,loss,acc,top_k_categorical_accuracy
0,1.1036956310272217,0.703125,0.9140625,1.1892917581966944,0.6872209821428571,0.9140625
1,1.0395135879516602,0.71875,0.91796875,1.0533446201256342,0.7452566964285714,0.9165736607142857
2,0.9840126633644104,0.73828125,0.9296875,1.120879054069519,0.7399553571428571,0.904296875
3,1.038166722884545,0.7282051340127602,0.9153846107996427,1.0024845216955458,0.7271205357142857,0.9299665178571429
