,val_loss,val_acc,val_top_k_categorical_accuracy,loss,acc,top_k_categorical_accuracy
0,0.9647573176683955,0.7419857687793427,0.9253961267605634,1.0611089560969398,0.7293826617110067,0.9126605699008868
1,0.9749846570368664,0.7518155809859155,0.9231770833333334,1.0246375431974666,0.7374294959572248,0.9175286091549296
