,val_loss,val_acc,val_top_k_categorical_accuracy,loss,acc,top_k_categorical_accuracy
0,1.0632135942578316,0.72509765625,0.91259765625,1.039142509499394,0.7327953809760956,0.9171283615537849
1,0.9493337422609329,0.7548828125,0.931640625,0.9832656349081442,0.7453778635458167,0.9219917206175299
2,0.987655445933342,0.73486328125,0.9267578125,0.9709441560910518,0.7513617405378487,0.9215326195219123
