,val_loss,val_acc,val_top_k_categorical_accuracy,loss,acc,top_k_categorical_accuracy
0,1.031344433625539,0.7392828525641025,0.9129607371794872,1.089578294039793,0.7221101551355207,0.9088300196148359
1,1.0050668395482576,0.7477964743589743,0.9149639423076923,1.0465079517065203,0.7343471380171184,0.9139900588445078
2,0.9558496177196503,0.7529046474358975,0.9266826923076923,0.9946269222060896,0.747174794935806,0.9178684468616263
3,0.9321295596086062,0.7544571314102564,0.9308894230769231,0.9774812169149837,0.7493090228245364,0.9217635520684736
4,0.9430588575509878,0.748046875,0.928535657051282,0.9705378376638328,0.7526914675463623,0.9206657899429387
