,val_loss,val_acc,val_top_k_categorical_accuracy,loss,acc,top_k_categorical_accuracy
0,0.911693274974823,0.77734375,0.921875,0.9059647811783684,0.7606770833333333,0.9323784722222223
1,0.8813106060028076,0.76875,0.9265625,0.8640433801545038,0.771875,0.9306423611111111
2,0.8863569736480713,0.7765625,0.9296875,0.8162872499889797,0.7774305555555555,0.9392361111111112
