,val_loss,val_acc,val_top_k_categorical_accuracy,loss,acc,top_k_categorical_accuracy
0,1.0859127928470742,0.7094558189655172,0.9170258620689655,1.1403429850818605,0.7117679625984252,0.9002829724409449
1,1.0224636361516755,0.7529633620689655,0.916082974137931,1.0751824242862191,0.7246247539370079,0.9102331446850394
2,1.0543451309204102,0.7275053879310345,0.91015625,1.03780305409056,0.7384504183070866,0.9137703001968503
