,val_loss,val_acc,val_top_k_categorical_accuracy,loss,acc,top_k_categorical_accuracy
0,1.0364971160888672,0.734375,0.92578125,1.0442602764815092,0.729736328125,0.9251708984375
1,1.0052178502082825,0.734375,0.9248046875,0.9962458331137896,0.736328125,0.9356689453125
2,0.9986712336540222,0.7265625,0.91015625,1.027965396642685,0.712646484375,0.92578125
3,1.0353479981422424,0.71875,0.9140625,0.8384684603661299,0.7806396484375,0.9395751953125
