,val_loss,val_acc,val_top_k_categorical_accuracy,loss,acc,top_k_categorical_accuracy
0,1.0905836502710977,0.7002604166666667,0.92109375,1.093095026910305,0.702545166015625,0.91766357421875
1,0.862156335512797,0.7432291666666667,0.9518229166666666,1.045218909624964,0.715606689453125,0.919403076171875
2,0.9670309066772461,0.72421875,0.94609375,0.9733653902076185,0.7435302734375,0.93060302734375
