,val_loss,val_acc,val_top_k_categorical_accuracy,loss,acc,top_k_categorical_accuracy
0,0.985031550630517,0.7440510321100917,0.9259245986238532,1.0616736968561096,0.7301937181122449,0.912842793367347
1,0.9232408043441422,0.763725630733945,0.9267488532110092,1.0046192795646434,0.7418327487244898,0.9191127232142857
2,0.9762175269083145,0.7528311353211009,0.9221616972477065,0.9918052788899869,0.7464046556122449,0.9187779017857143
