,val_loss,val_acc,val_top_k_categorical_accuracy,loss,acc,top_k_categorical_accuracy
0,1.0370402932167053,0.7359323937908496,0.9111519607843137,1.0451553020265445,0.7361645347778587,0.9117779269847051
1,0.9279292806301241,0.7595741421568627,0.9273897058823529,1.0027606703899936,0.7467395757465404,0.9177297660233066
2,0.9329635532073726,0.7595230800653595,0.9272620506535948,0.98435908347607,0.7518407456300072,0.9196302576474873
