,val_loss,val_acc,val_top_k_categorical_accuracy,loss,acc,top_k_categorical_accuracy
0,1.051035186648369,0.7314453125,0.91220703125,1.0719618881016635,0.7209554950842697,0.9123946629213483
1,1.0733950287103653,0.7197265625,0.9107421875,1.0335889125473043,0.7358563026685393,0.9175079002808989
