,val_loss,val_acc,val_top_k_categorical_accuracy,loss,acc,top_k_categorical_accuracy
0,0.8391813690012152,0.7638494318181818,0.9506392045454546,0.9402841225914333,0.7646908967391305,0.9282014266304348
1,0.9381184740500017,0.7624289772727273,0.9137073863636364,0.913761484882106,0.7669412364130435,0.9294752038043478
