,val_loss,val_acc,val_top_k_categorical_accuracy,loss,acc,top_k_categorical_accuracy
0,1.0973491668701172,0.72265625,0.90234375,1.1271948488683647,0.711577868852459,0.9084272540983607
1,1.079052726427714,0.7096354166666666,0.9153645833333334,1.0757123678108382,0.728056693989071,0.9128671448087432
2,0.9328950643539429,0.7513020833333334,0.9309895833333334,0.9915576534844487,0.7394339139344263,0.9230703551912568
3,1.0327581763267517,0.7578125,0.91796875,0.9849616162112502,0.7443007172131147,0.9237107240437158
