,val_loss,val_acc,val_top_k_categorical_accuracy,loss,acc,top_k_categorical_accuracy
0,0.947290375828743,0.76416015625,0.9169921875,0.9966736892238259,0.73516845703125,0.91571044921875
1,0.8540021926164627,0.791015625,0.9306640625,1.0013585984706879,0.75103759765625,0.91741943359375
2,0.890031099319458,0.7998046875,0.93017578125,0.907537316903472,0.7489013671875,0.9354248046875
