,val_loss,val_acc,val_top_k_categorical_accuracy,loss,acc,top_k_categorical_accuracy
0,0.9917366474767194,0.7446044105351171,0.9211956521739131,1.0530695715506753,0.730217716846211,0.9136779694465081
1,0.9706093479558376,0.7509536998327759,0.9190661580267558,1.0155058309192289,0.7375092867756315,0.9182125278603269
2,0.9820774610225971,0.7459239130434783,0.9234949832775919,0.9909375515194917,0.7435689078751857,0.9205617918833581
