,val_loss,val_acc,val_top_k_categorical_accuracy,loss,acc,top_k_categorical_accuracy
0,0.7542210713676785,0.8058763586956522,0.9434442934782609,0.7855983545140522,0.7816692073170731,0.9504763719512195
1,0.7442803305128346,0.7890625,0.955672554347826,0.7730491553864828,0.7819550304878049,0.9511623475609756
2,0.6157410300296285,0.8301630434782609,0.9719769021739131,0.746853001234008,0.7886051829268292,0.9568025914634146
3,0.7178831359614497,0.7814198369565217,0.9614470108695652,0.7213972603402486,0.7950838414634146,0.9572217987804879
