,loss_in,loss_out,acc_top1_in,acc_top1_out,acc_top5_in,acc_top5_out
0,1.9925792,2.1812356,0.46096346,0.5067641,0.8135382,0.76949596
1,1.76138,2.1017928,0.5858333,0.51699466,0.8254167,0.78400016
2,1.2848736,2.0415347,0.6748748,0.52737665,0.8906511,0.793639
3,1.434166,2.1484952,0.6691604,0.51608044,0.879468,0.7771644
4,1.1456882,2.2213824,0.7179701,0.49799275,0.90515804,0.77385783
5,1.1337136,2.0529644,0.7175541,0.5283632,0.90848583,0.79451936
6,1.0622923,2.0271914,0.749079,0.53728575,0.91199344,0.79685557
7,0.8814661,2.153702,0.7891015,0.51167256,0.92221296,0.7845486
8,0.86972004,2.1059759,0.8000828,0.5235913,0.92425495,0.7897953
