,incontext_loss,incontext_acc_top1,incontext_acc_top5,outofcontext_loss,outofcontext_acc_top1,outofcontext_acc_top5
0,2.089329,0.429402,0.79858804,1.8946887,0.55769145,0.8040803
1,1.9487648,0.5283333,0.8045833,1.6685113,0.60288405,0.83590037
2,1.4267688,0.63230383,0.8760434,1.7374941,0.58710355,0.82884693
3,1.5987656,0.6234414,0.8674148,1.7583311,0.58878076,0.82440215
4,1.3987634,0.65141433,0.8831115,1.6430925,0.60900205,0.8401405
5,1.3050996,0.67512476,0.8922629,1.64517,0.6103984,0.8381551
6,1.253103,0.6970937,0.8927548,1.6087053,0.6176002,0.8442188
7,0.9827464,0.75748754,0.9147255,1.8174151,0.574748,0.8226644
8,1.0692303,0.7553808,0.9081126,1.6507026,0.6112348,0.8403605
