,incontext_loss,incontext_acc,incontext_top_k_categorical_accuracy,outofcontext_loss,outofcontext_acc,outofcontext_top_k_categorical_accuracy
0,1.9820660060306765,0.535377358490566,0.7906839622641509,1.2694703613596614,0.6893756071602772,0.8907439102588658
1,1.1774826745254259,0.6770768269831355,0.914896939412867,1.4425785338229584,0.656369404147231,0.8650318570126568
2,1.1262353746979326,0.7222222222222222,0.9320987654320988,1.4578552806093419,0.652010416776355,0.8613365999859935
3,1.650956774670624,0.6103286387990123,0.8403755876724365,1.317796744799502,0.6793589607364405,0.8872973951569424
4,1.0138402318555069,0.7324336900606773,0.9241507684923761,1.4875282219419712,0.649133229518283,0.8621964648144648
5,0.6382706909717558,0.8395812226404655,0.9476528199932456,1.54573414915507,0.6303882652316121,0.8593936611586315
