,incontext_loss,incontext_acc,incontext_top_k_categorical_accuracy,outofcontext_loss,outofcontext_acc,outofcontext_top_k_categorical_accuracy
0,1.4826984124363594,0.6308962252904784,0.8649764128451077,1.6972596346858155,0.60665635351905,0.8320441752791297
1,1.1724111933323982,0.6761399125546533,0.9158338538413492,1.532522916280899,0.6410097050217716,0.8477076063017297
2,1.00713786372432,0.7484567849724381,0.9490740696589152,1.5030683580680313,0.6438117250972346,0.8548224418146767
3,1.5664283672624135,0.6208017339513551,0.852293248123191,1.5978309366381027,0.6272625305395475,0.845455145253319
4,1.0412653005916388,0.7287110284962395,0.9213587722150377,1.5120735448420004,0.6431686519566449,0.8544338128455471
5,0.6465662132642914,0.835528538964641,0.9479905450235384,1.5400349251027636,0.6355323896174386,0.8516686176493872
