,incontext_loss,incontext_acc,incontext_top_k_categorical_accuracy,outofcontext_loss,outofcontext_acc,outofcontext_top_k_categorical_accuracy
0,1.5750305483926017,0.6137971686867049,0.8508254739473451,1.580472017491229,0.6284431267612489,0.8466331485232583
1,1.156312197167601,0.6820737039350406,0.9177076826983136,1.573363176522636,0.6345317206057558,0.8439785819490889
2,1.0318557804013475,0.7469135861337921,0.9429012301527424,1.4986708743703994,0.6451985711935163,0.8552216851854054
3,1.649468079505306,0.6085229329401597,0.8418201509904845,1.530390146244335,0.6399964811963464,0.8536145505637416
4,1.0377971098388612,0.7277803629317801,0.9208934395021481,1.5119593206315132,0.6432120462589729,0.8544772071478751
5,0.5896537040021523,0.8449848015458952,0.955758188532559,1.554058659707794,0.631159308362055,0.8491286967221794
