,incontext_loss,incontext_acc_top1,incontext_acc_top5,outofcontext_loss,outofcontext_acc_top1,outofcontext_acc_top5
0,0.6527123,0.8820755,1.3627115,0.58033603,0.8110309,1.8527986
1,0.6837914,0.91958153,1.142946,0.6315437,0.8420663,1.5961536
2,0.7654321,0.9583333,0.93059486,0.6400504,0.852532,1.5178089
3,0.6442759,0.87071145,1.429454,0.5901823,0.8198113,1.796265
4,0.7687296,0.9464867,0.84351796,0.6093428,0.832715,1.7215686
5,0.8500507,0.9574468,0.5759946,0.631093,0.8483336,1.557289
