,incontext_loss,incontext_acc,incontext_top_k_categorical_accuracy,outofcontext_loss,outofcontext_acc,outofcontext_top_k_categorical_accuracy
0,1.3626496701870325,0.6527122652755594,0.8820754705734972,1.5638059982436145,0.6333023876669486,0.8563273553481805
1,1.1428755220214253,0.683791380387258,0.9195815115552779,1.5010805065145811,0.646892602139728,0.856429386283458
2,0.9305198825435874,0.7654320980295722,0.9583333289181745,1.4804625059614427,0.6452673731435858,0.8582913081799527
3,1.4293998192690391,0.6442759130008817,0.8707114472721578,1.5393660341267217,0.634644104413072,0.8610010006930843
4,0.8434416210446152,0.7687296405566354,0.9464867382950426,1.7236512444763368,0.6119387489283001,0.8363644248390137
5,0.5759114633939911,0.8500506576755811,0.9574468072424543,1.5476126902094467,0.6259960114561267,0.8588807980186781
