,incontext_loss,incontext_acc_top1,incontext_acc_top5,outofcontext_loss,outofcontext_acc_top1,outofcontext_acc_top5
0,1.4274638,0.6415094,0.8726415,1.7100042,0.6065704,0.8285205
1,1.1452097,0.68363523,0.91911304,1.584958,0.63338435,0.84371567
2,0.9238622,0.77006173,0.95987654,1.5284605,0.6383064,0.8512713
3,1.4258156,0.6457205,0.8710726,1.80009,0.58952254,0.8192175
4,0.87935245,0.7598883,0.9399721,1.6122487,0.62889194,0.8453861
5,0.5924366,0.84734887,0.95373183,1.5466413,0.6332575,0.84934956
