,incontext_loss,incontext_acc,incontext_top_k_categorical_accuracy,outofcontext_loss,outofcontext_acc,outofcontext_top_k_categorical_accuracy
0,1.615826962129125,0.597877359615182,0.8472877347244406,1.2956220484851022,0.6882393093756303,0.8874250195548756
1,1.1190650276956076,0.6939412866958151,0.9223922548407245,1.427123321304326,0.6618035856920734,0.8696037101167562
2,0.9157364740047926,0.7746913587605512,0.9552469106368077,1.455015480788672,0.6518152219930682,0.8655494026454953
3,1.6653482533396688,0.5987721196405722,0.8429035749750561,1.2676775931558066,0.691161322523903,0.891511328456209
4,0.9029070082627213,0.7561656581406928,0.9371800843146081,1.505146116689418,0.6528376525625145,0.8603832351892565
5,0.5612484108189882,0.8554542395602365,0.9581222545452434,1.51689476611206,0.63643299402816,0.8631483180399011
