,incontext_loss,incontext_acc,incontext_top_k_categorical_accuracy,outofcontext_loss,outofcontext_acc,outofcontext_top_k_categorical_accuracy
0,1.9007811366387133,0.5471698113207547,0.8036556603773585,1.2658904854700406,0.6896987631209351,0.8912186664089428
1,1.1603507627776681,0.6798875702685822,0.9158338538413492,1.4408404450590226,0.6562318986561659,0.8633217056020623
2,1.1387177852936734,0.7160493827160493,0.9290123456790124,1.4576661002253775,0.6509121786003285,0.8610709008342512
3,1.8084358606755238,0.5778259295726692,0.81906825540814,1.279818044639151,0.6840730319228364,0.8908607766473885
4,0.9865477491168434,0.736156351486435,0.9246161010665858,1.4826453914067266,0.647739104424272,0.8632477130008901
5,0.6746248894348131,0.831475852853098,0.9425869638836896,1.5469803054695759,0.6278247475346291,0.8595706469857642
