,incontext_loss,incontext_acc_top1,incontext_acc_top5,outofcontext_loss,outofcontext_acc_top1,outofcontext_acc_top5
0,1.4015356,0.6438679,0.8773585,1.7229738,0.6030467,0.8251901
1,1.1265265,0.68425983,0.92239225,1.6414698,0.62384665,0.8357795
2,0.904031,0.7731481,0.962963,1.5328655,0.63647825,0.85038877
3,1.3772842,0.65649134,0.87826407,1.88735,0.57307935,0.80572945
4,0.8953797,0.75570035,0.93904144,1.5610936,0.6343813,0.85028964
5,0.5385555,0.86254644,0.9601486,1.6304331,0.6158756,0.83839476
