,incontext_loss,incontext_acc_top1,incontext_acc_top5,outofcontext_loss,outofcontext_acc_top1,outofcontext_acc_top5
0,1.6158712,0.5978774,0.8472877,1.5103146,0.64292467,0.8552061
1,1.1191299,0.6939413,0.92239225,1.5344448,0.64232445,0.85038483
2,0.9158053,0.77469134,0.9552469,1.5004028,0.6456609,0.85728097
3,1.6653882,0.5987721,0.84290355,1.4648988,0.65160877,0.8624557
4,0.90297306,0.7561657,0.9371801,1.5207932,0.64529496,0.8555404
5,0.561327,0.85545427,0.95812225,1.5126379,0.6403472,0.8553128
