,incontext_loss,incontext_acc_top1,incontext_acc_top5,outofcontext_loss,outofcontext_acc_top1,outofcontext_acc_top5
0,1.1823134,0.7225,0.89958334,1.5904822,0.6212095,0.846961
1,0.87127435,0.78746367,0.935658,1.688933,0.60016584,0.83571535
2,0.96280026,0.7780538,0.9163561,1.897943,0.5600026,0.8155075
3,1.0230932,0.74527526,0.914544,1.6702197,0.6037464,0.8390315
4,0.9501137,0.7587612,0.9392828,1.6889788,0.60501486,0.83243054
5,0.87237066,0.77317476,0.9319114,1.8198209,0.57543665,0.8199127
6,0.9344737,0.7692939,0.92569786,1.7633241,0.5865464,0.82889396
7,1.1524571,0.7303983,0.89056605,1.5108998,0.63860595,0.85625803
8,0.92284757,0.7725216,0.92595637,1.6622347,0.6091209,0.83725196
