,incontext_loss,incontext_acc_top1,incontext_acc_top5,outofcontext_loss,outofcontext_acc_top1,outofcontext_acc_top5
0,0.77130914,0.808589,0.93701434,1.8166573,0.5745638,0.82104254
1,1.062845,0.7373444,0.9157676,1.687266,0.60356116,0.8357773
2,1.0038058,0.7694832,0.91632485,1.659694,0.6028603,0.83901745
3,0.8491171,0.79267794,0.9337721,1.9015536,0.5643024,0.8111424
4,0.76914436,0.8046493,0.93352365,1.7307247,0.59363127,0.8320229
