,incontext_loss,incontext_acc_top1,incontext_acc_top5,outofcontext_loss,outofcontext_acc_top1,outofcontext_acc_top5
0,0.8647173,0.8020921,0.925523,1.9211738,0.5601117,0.81061333
1,1.0649422,0.75041187,0.9052718,1.7652134,0.58310413,0.8286837
2,0.92607075,0.76106936,0.92648286,1.9985465,0.54151034,0.7999084
3,1.109421,0.73142385,0.90909094,1.615503,0.6174038,0.84398526
4,0.8633543,0.7901896,0.9332234,1.6773609,0.6060857,0.83692044
5,1.1863201,0.7162829,0.8877467,1.6783047,0.60304326,0.83670264
