,incontext_loss,incontext_acc_top1,incontext_acc_top5,outofcontext_loss,outofcontext_acc_top1,outofcontext_acc_top5
0,0.692736,0.8,0.96,1.5138857,0.64242136,0.8548394
1,0.72102296,0.84,0.93,1.5385551,0.6360256,0.8521542
2,0.39737087,0.89528793,0.9842932,1.6322159,0.61700004,0.84071845
3,0.57178587,0.89086294,0.9593909,1.8465023,0.5810551,0.8201655
4,0.4805316,0.9033943,0.96475196,2.238949,0.51830554,0.7790487
5,0.63855296,0.84784013,0.95357835,2.292889,0.49540558,0.7693791
6,0.83252674,0.80742913,0.9289671,2.0857193,0.5276185,0.79454935
7,1.1263148,0.7278164,0.90302247,1.5928612,0.6202944,0.84816056
8,1.2312864,0.7084407,0.890625,1.5816487,0.62017757,0.851125
