,incontext_loss,incontext_acc,incontext_top_k_categorical_accuracy,outofcontext_loss,outofcontext_acc,outofcontext_top_k_categorical_accuracy
0,1.3705467378502847,0.6710600643323159,0.8732818679112855,1.444758654790801,0.656171357319865,0.8651566147284655
1,1.2843771906321546,0.6918868427916721,0.8823058445007603,1.4272348100512215,0.6620064166331885,0.8691636528549476
2,1.3290801815566375,0.6820869894029529,0.8777184283310382,1.4155288567016495,0.663118970963626,0.8662582188732805
3,1.3167641839346471,0.6876155268042584,0.8789621414553583,1.4279987246704808,0.6603884849483715,0.8664954829147135
4,1.3638391326935448,0.6719327239751027,0.8755104025699461,1.4185927226519477,0.6674555727145709,0.8670627441638871
5,1.3562733155239735,0.6753983162460137,0.876643707004443,1.381317070221046,0.6725933633255988,0.8728687057000597
