,loss_in,loss_out,acc_top1_in,acc_top1_out,acc_top5_in,acc_top5_out
0,1.2565421,1.5847526,0.70493656,0.6197541,0.8866446,0.8501715
