,incontext_loss,incontext_acc_top1,incontext_acc_top5,outofcontext_loss,outofcontext_acc_top1,outofcontext_acc_top5
0,0.6921669,0.8,0.96,1.5141984,0.6423591,0.8547979
1,1.2692509,0.73,0.9,1.4906662,0.64574766,0.85711914
2,0.8397475,0.7643979,0.921466,1.4994277,0.6434325,0.8558911
3,0.92000353,0.79695433,0.92893404,1.5424803,0.6343324,0.8527088
4,0.85984904,0.8067885,0.92819846,1.5760214,0.6292762,0.8485002
5,0.6951776,0.83430046,0.94842035,1.9988487,0.5456337,0.80247176
6,0.85830694,0.7986315,0.9289671,1.9399211,0.5536098,0.80995816
